{
  "count": 300,
  "elapsed_sec": 31.487756967544556,
  "avg_prediction_ms": 104.95385567347208,
  "throughput_domains_per_sec": 9.527512560174408,
  "classification_report": {
    "Phishing": {
      "precision": 0.0,
      "recall": 0.0,
      "f1-score": 0.0,
      "support": 55.0
    },
    "Suspected": {
      "precision": 0.8166666666666667,
      "recall": 1.0,
      "f1-score": 0.8990825688073395,
      "support": 245.0
    },
    "accuracy": 0.8166666666666667,
    "macro avg": {
      "precision": 0.4083333333333333,
      "recall": 0.5,
      "f1-score": 0.44954128440366975,
      "support": 300.0
    },
    "weighted avg": {
      "precision": 0.6669444444444445,
      "recall": 0.8166666666666667,
      "f1-score": 0.7342507645259939,
      "support": 300.0
    }
  },
  "labels": [
    "Phishing",
    "Suspected"
  ],
  "confusion_matrix": [
    [
      0,
      55
    ],
    [
      0,
      245
    ]
  ],
  "brier_score_phishing": 0.15209586929802313,
  "per_model": {
    "random_forest": {
      "classification_report": {
        "Phishing": {
          "precision": 0.125,
          "recall": 0.6363636363636364,
          "f1-score": 0.208955223880597,
          "support": 55.0
        },
        "Suspected": {
          "precision": 0.0,
          "recall": 0.0,
          "f1-score": 0.0,
          "support": 245.0
        },
        "accuracy": 0.11666666666666667,
        "macro avg": {
          "precision": 0.0625,
          "recall": 0.3181818181818182,
          "f1-score": 0.1044776119402985,
          "support": 300.0
        },
        "weighted avg": {
          "precision": 0.022916666666666665,
          "recall": 0.11666666666666667,
          "f1-score": 0.038308457711442784,
          "support": 300.0
        }
      },
      "confusion_matrix": [
        [
          35,
          20
        ],
        [
          245,
          0
        ]
      ],
      "brier_score_phishing": 0.7042689447471511
    },
    "xgboost": {
      "classification_report": {
        "Phishing": {
          "precision": 0.07662835249042145,
          "recall": 0.36363636363636365,
          "f1-score": 0.12658227848101267,
          "support": 55.0
        },
        "Suspected": {
          "precision": 0.10256410256410256,
          "recall": 0.0163265306122449,
          "f1-score": 0.028169014084507043,
          "support": 245.0
        },
        "accuracy": 0.08,
        "macro avg": {
          "precision": 0.08959622752726201,
          "recall": 0.18998144712430426,
          "f1-score": 0.07737564628275985,
          "support": 300.0
        },
        "weighted avg": {
          "precision": 0.09780921505059437,
          "recall": 0.08,
          "f1-score": 0.046211445890533075,
          "support": 300.0
        }
      },
      "confusion_matrix": [
        [
          20,
          35
        ],
        [
          241,
          4
        ]
      ],
      "brier_score_phishing": 0.8526776640278617
    },
    "neural_network": {
      "classification_report": {
        "Phishing": {
          "precision": 0.14590747330960854,
          "recall": 0.7454545454545455,
          "f1-score": 0.24404761904761904,
          "support": 55.0
        },
        "Suspected": {
          "precision": 0.2631578947368421,
          "recall": 0.02040816326530612,
          "f1-score": 0.03787878787878788,
          "support": 245.0
        },
        "accuracy": 0.15333333333333332,
        "macro avg": {
          "precision": 0.20453268402322533,
          "recall": 0.3829313543599258,
          "f1-score": 0.14096320346320346,
          "support": 300.0
        },
        "weighted avg": {
          "precision": 0.24166198414184928,
          "recall": 0.15333333333333332,
          "f1-score": 0.07567640692640693,
          "support": 300.0
        }
      },
      "confusion_matrix": [
        [
          41,
          14
        ],
        [
          240,
          5
        ]
      ],
      "brier_score_phishing": 0.6744008238494363
    },
    "rule_engine": {
      "classification_report": {
        "Phishing": {
          "precision": 0.3,
          "recall": 0.05454545454545454,
          "f1-score": 0.09230769230769231,
          "support": 55.0
        },
        "Suspected": {
          "precision": 0.8206896551724138,
          "recall": 0.9714285714285714,
          "f1-score": 0.8897196261682243,
          "support": 245.0
        },
        "accuracy": 0.8033333333333333,
        "macro avg": {
          "precision": 0.5603448275862069,
          "recall": 0.512987012987013,
          "f1-score": 0.4910136592379583,
          "support": 300.0
        },
        "weighted avg": {
          "precision": 0.7252298850574712,
          "recall": 0.8033333333333333,
          "f1-score": 0.7435274382937934,
          "support": 300.0
        }
      },
      "confusion_matrix": [
        [
          3,
          52
        ],
        [
          7,
          238
        ]
      ],
      "brier_score_phishing": 0.16494999999999999
    }
  }
}