{
  "count": 100,
  "elapsed_sec": 9.936997890472412,
  "avg_prediction_ms": 99.36295747756958,
  "throughput_domains_per_sec": 10.063401552684232,
  "classification_report": {
    "Legitimate": {
      "precision": 0.0,
      "recall": 0.0,
      "f1-score": 0.0,
      "support": 0.0
    },
    "Phishing": {
      "precision": 1.0,
      "recall": 0.0967741935483871,
      "f1-score": 0.17647058823529413,
      "support": 31.0
    },
    "Suspected": {
      "precision": 0.71875,
      "recall": 1.0,
      "f1-score": 0.8363636363636363,
      "support": 69.0
    },
    "accuracy": 0.72,
    "macro avg": {
      "precision": 0.5729166666666666,
      "recall": 0.3655913978494623,
      "f1-score": 0.33761140819964347,
      "support": 100.0
    },
    "weighted avg": {
      "precision": 0.8059375,
      "recall": 0.72,
      "f1-score": 0.6317967914438501,
      "support": 100.0
    }
  },
  "labels": [
    "Legitimate",
    "Phishing",
    "Suspected"
  ],
  "confusion_matrix": [
    [
      0,
      0,
      0
    ],
    [
      1,
      3,
      27
    ],
    [
      0,
      0,
      69
    ]
  ],
  "brier_score_phishing": 0.6256688061741901,
  "per_model": {
    "random_forest": {
      "classification_report": {
        "Phishing": {
          "precision": 0.19767441860465115,
          "recall": 0.5483870967741935,
          "f1-score": 0.2905982905982906,
          "support": 31.0
        },
        "Suspected": {
          "precision": 0.0,
          "recall": 0.0,
          "f1-score": 0.0,
          "support": 69.0
        },
        "accuracy": 0.17,
        "macro avg": {
          "precision": 0.09883720930232558,
          "recall": 0.27419354838709675,
          "f1-score": 0.1452991452991453,
          "support": 100.0
        },
        "weighted avg": {
          "precision": 0.06127906976744185,
          "recall": 0.17,
          "f1-score": 0.09008547008547009,
          "support": 100.0
        }
      },
      "confusion_matrix": [
        [
          0,
          0,
          0
        ],
        [
          0,
          17,
          14
        ],
        [
          0,
          69,
          0
        ]
      ],
      "brier_score_phishing": 0.6927829784906574
    },
    "xgboost": {
      "classification_report": {
        "Phishing": {
          "precision": 0.1375,
          "recall": 0.3548387096774194,
          "f1-score": 0.1981981981981982,
          "support": 31.0
        },
        "Suspected": {
          "precision": 0.0,
          "recall": 0.0,
          "f1-score": 0.0,
          "support": 69.0
        },
        "accuracy": 0.11,
        "macro avg": {
          "precision": 0.06875,
          "recall": 0.1774193548387097,
          "f1-score": 0.0990990990990991,
          "support": 100.0
        },
        "weighted avg": {
          "precision": 0.042625,
          "recall": 0.11,
          "f1-score": 0.061441441441441445,
          "support": 100.0
        }
      },
      "confusion_matrix": [
        [
          0,
          0,
          0
        ],
        [
          0,
          11,
          20
        ],
        [
          0,
          69,
          0
        ]
      ],
      "brier_score_phishing": 0.8440647227723447
    },
    "neural_network": {
      "classification_report": {
        "Phishing": {
          "precision": 0.24444444444444444,
          "recall": 0.7096774193548387,
          "f1-score": 0.36363636363636365,
          "support": 31.0
        },
        "Suspected": {
          "precision": 0.1,
          "recall": 0.014492753623188406,
          "f1-score": 0.02531645569620253,
          "support": 69.0
        },
        "accuracy": 0.23,
        "macro avg": {
          "precision": 0.17222222222222222,
          "recall": 0.36208508648901355,
          "f1-score": 0.1944764096662831,
          "support": 100.0
        },
        "weighted avg": {
          "precision": 0.14477777777777778,
          "recall": 0.23,
          "f1-score": 0.13019562715765248,
          "support": 100.0
        }
      },
      "confusion_matrix": [
        [
          0,
          0,
          0
        ],
        [
          0,
          22,
          9
        ],
        [
          0,
          68,
          1
        ]
      ],
      "brier_score_phishing": 0.6823894230020814
    },
    "rule_engine": {
      "classification_report": {
        "Phishing": {
          "precision": 0.3333333333333333,
          "recall": 0.06451612903225806,
          "f1-score": 0.10810810810810811,
          "support": 31.0
        },
        "Suspected": {
          "precision": 0.6914893617021277,
          "recall": 0.9420289855072463,
          "f1-score": 0.7975460122699386,
          "support": 69.0
        },
        "accuracy": 0.67,
        "macro avg": {
          "precision": 0.5124113475177305,
          "recall": 0.5032725572697522,
          "f1-score": 0.45282706018902336,
          "support": 100.0
        },
        "weighted avg": {
          "precision": 0.5804609929078015,
          "recall": 0.67,
          "f1-score": 0.5838202619797712,
          "support": 100.0
        }
      },
      "confusion_matrix": [
        [
          0,
          0,
          0
        ],
        [
          0,
          2,
          29
        ],
        [
          0,
          4,
          65
        ]
      ],
      "brier_score_phishing": 0.20402499999999996
    }
  }
}